"State","District"
"Andhra Pradesh","ADILABAD"
"Andhra Pradesh","ANANTHAPUR"
"Andhra Pradesh","CHITTOOR"
"Andhra Pradesh","CUDDAPAH"
"Andhra Pradesh","EAST GODAVARI"
"Andhra Pradesh","GUNTUR"
"Andhra Pradesh","HYDERABAD"
"Andhra Pradesh","KARIMNAGAR"
"Andhra Pradesh","KHAMMAM"
"Andhra Pradesh","KRISHNA"
"Andhra Pradesh","KURNOOL"
"Andhra Pradesh","MAHABOOB NAGAR"
"Andhra Pradesh","MEDAK"
"Andhra Pradesh","NALGONDA"
"Andhra Pradesh","NELLORE"
"Andhra Pradesh","NIZAMABAD"
"Andhra Pradesh","PRAKASAM"
"Andhra Pradesh","RANGA REDDY"
"Andhra Pradesh","SRIKAKULUM"
"Andhra Pradesh","VIJAYA NAGARAM"
"Andhra Pradesh","VISAKHAPATNAM"
"Andhra Pradesh","WARANGAL"
"Andhra Pradesh","WEST GODAVARI"
"Andhra Pradesh","MAHABOOBNAGAR"
"Andhra Pradesh","RANGAREDDY"
"Andhra Pradesh","SRIKAKULAM"
"Andhra Pradesh","VIZIANAGARAM"
"Andhra Pradesh","Adilabad"
"Andhra Pradesh","Anantapur"
"Andhra Pradesh","Chittoor"
"Andhra Pradesh","Cuddapah"
"Andhra Pradesh","East Godavari"
"Andhra Pradesh","Guntur"
"Andhra Pradesh","Hyderabad"
"Andhra Pradesh","Karimnagar"
"Andhra Pradesh","Khamman"
"Andhra Pradesh","Krishna"
"Andhra Pradesh","Kurnool"
"Andhra Pradesh","Mahabubnagar"
"Andhra Pradesh","Medak"
"Andhra Pradesh","Nalgonda"
"Andhra Pradesh","Nellore"
"Andhra Pradesh","Nizamabad"
"Andhra Pradesh","Prakasam"
"Andhra Pradesh","Ranga Reddy"
"Andhra Pradesh","Srikakulam"
"Andhra Pradesh","Visakhapatanam"
"Andhra Pradesh","Vizianagaram"
"Andhra Pradesh","Warangal"
"Andhra Pradesh","West Godavari"
"Andhra Pradesh","TOTAL"
"Andhra Pradesh","check"
"Arunachal Pradesh","CHANGLANG"
"Arunachal Pradesh","DIBANG VALLEY"
"Arunachal Pradesh","EAST KAMENG"
"Arunachal Pradesh","EAST SIANG"
"Arunachal Pradesh","LOHIT"
"Arunachal Pradesh","LOWER SUBANSIRI"
"Arunachal Pradesh","PAPUM PARE"
"Arunachal Pradesh","TAWANG"
"Arunachal Pradesh","TIRAP"
"Arunachal Pradesh","UPPER SIANG"
"Arunachal Pradesh","UPPER SUBANSIRI"
"Arunachal Pradesh","WEST KAMENG"
"Arunachal Pradesh","WEST SIANG"
"Arunachal Pradesh","PAPUMPARE"
"Assam","BARPETA"
"Assam","BONGAIGAON"
"Assam","CACHAR"
"Assam","DARRANG"
"Assam","DHEMAJI"
"Assam","DHUBRI"
"Assam","DIBRUGARH"
"Assam","GOALPARA"
"Assam","GOLAGHAT"
"Assam","HAILAKANDI"
"Assam","JORHAT"
"Assam","KAMRUP"
"Assam","KARBI ANGLONG"
"Assam","KARIMGANJ"
"Assam","KOKRAJHAR"
"Assam","LAKHIMPUR"
"Assam","MARIGAON"
"Assam","NAGAON"
"Assam","NALBARI"
"Assam","NORTH CACHAR HILLS"
"Assam","SIBSAGAR"
"Assam","SONITPUR"
"Assam","TINSUKIA"
"Assam","MORIGAON"
"Assam","NAGOAN"
"Assam","BAKSA"
"Assam","CHIRANG"
"Assam","KAMRUP ( RURAL )"
"Assam","KAMRUP METRO"
"Assam","UDALGURI"
"Assam","KARBIANGLONG"
"Assam","NC HILLS"
"Assam","Barpetta"
"Assam","Cachar"
"Assam","Debrugarh"
"Assam","Dhubri"
"Assam","Goalpara"
"Assam","Golaghat"
"Assam","Kamrup"
"Assam","Karbi Anglong"
"Assam","Karimganj"
"Assam","Kokrajhar"
"Assam","Lakhimpur"
"Assam","N.C. Hills"
"Assam","Nagaon"
"Assam","Nalbari"
"Assam","Sibasagar"
"Assam","Sonitpur"
"Assam","TOTAL"
"Assam","check"
"Assam","Sonipur"
"Bihar","ARARIA"
"Bihar","AURANGABAD"
"Bihar","BANKA"
"Bihar","BEGUSARAI"
"Bihar","BHABUA"
"Bihar","BHAGALPUR"
"Bihar","BHOJPUR"
"Bihar","BOKARO"
"Bihar","BUXAR"
"Bihar","CHAMPARAN EAST"
"Bihar","CHAMPARAN WEST"
"Bihar","CHATRA"
"Bihar","DARBHANGA"
"Bihar","DEOGHAR"
"Bihar","DHANBAD"
"Bihar","DUMKA"
"Bihar","GARHWA"
"Bihar","GAYA"
"Bihar","GIRIDIH"
"Bihar","GODDA"
"Bihar","GOPALGANJ"
"Bihar","GUMLA"
"Bihar","HAZARIBAG"
"Bihar","JAMUI"
"Bihar","JEHANABAD"
"Bihar","KATIHAR"
"Bihar","KHAGARIA"
"Bihar","KISHANGANJ"
"Bihar","KODARMA"
"Bihar","LAKHISARAI"
"Bihar","LOHARDAGA"
"Bihar","MADHEPURA"
"Bihar","MADHUBANI"
"Bihar","MUNGER"
"Bihar","MUZAFFARPUR"
"Bihar","NALANDA"
"Bihar","NAWADA"
"Bihar","PAKUR"
"Bihar","PALAMU"
"Bihar","PATNA"
"Bihar","PURNIA"
"Bihar","RANCHI"
"Bihar","ROHTAS"
"Bihar","SAHARSA"
"Bihar","SAHEBGANJ"
"Bihar","SAMASTIPUR"
"Bihar","SARAN"
"Bihar","SHEIKHPURA"
"Bihar","SHEOHAR"
"Bihar","SINGHBHUM EAST"
"Bihar","SINGHBHUM WEST"
"Bihar","SITAMARHI"
"Bihar","SIWAN"
"Bihar","SUPAUL"
"Bihar","VAISHALI"
"Bihar","EAST CHAMPARAN"
"Bihar","GOPAALGANJ"
"Bihar","KAIMUR (BHABUA)"
"Bihar","ROHTAS(SASARAM)"
"Bihar","SHEKHPURA"
"Bihar","WEST CHAMPARAN"
"Bihar","Bhojpur"
"Bihar","Araria"
"Bihar","Aurangabad"
"Bihar","Begusarai"
"Bihar","Bhagalpur"
"Bihar","Darbhanga"
"Bihar","Deoghar"
"Bihar","Dhanbad"
"Bihar","Dumka"
"Bihar","East Champaran"
"Bihar","East Singhbhum"
"Bihar","Gaya"
"Bihar","Giridih"
"Bihar","Gonda"
"Bihar","Gopalganj"
"Bihar","Gumla"
"Bihar","Hazaribagh"
"Bihar","Jahanabad"
"Bihar","Katihar"
"Bihar","Khagaria"
"Bihar","Kishanganj"
"Bihar","Lohardaga"
"Bihar","Madhepura"
"Bihar","Madhubani"
"Bihar","Munger"
"Bihar","Muzaffarpur"
"Bihar","Nalanda"
"Bihar","Nawadah"
"Bihar","Palmau"
"Bihar","Patna"
"Bihar","Purnea"
"Bihar","Ranchi"
"Bihar","Rohtas"
"Bihar","Saharsa"
"Bihar","Sahebganj"
"Bihar","Samistipur"
"Bihar","Saran"
"Bihar","Sitamarhi"
"Bihar","Siwan"
"Bihar","Vaishali"
"Bihar","West Champaran"
"Bihar","West Singhbhum"
"Bihar","TOTAL"
"Bihar","check"
"Goa","NORTH GOA"
"Goa","SOUTH GOA"
"Goa","North Goa"
"Goa","South Goa"
"Goa","TOTAL"
"Goa","check"
"Gujarat",""
"Gujarat","AHMEDABAD"
"Gujarat","AMRELI"
"Gujarat","ANAND"
"Gujarat","BANASKANTHA"
"Gujarat","BHARUCH"
"Gujarat","BHAVNAGAR"
"Gujarat","DAHOD"
"Gujarat","DANG"
"Gujarat","GANDHINAGAR"
"Gujarat","JAMNAGAR"
"Gujarat","JUNAGADH"
"Gujarat","KACHCHH"
"Gujarat","KHEDA"
"Gujarat","MEHSANA"
"Gujarat","NARMADA"
"Gujarat","NAVSARI"
"Gujarat","PANCHMAHAL"
"Gujarat","PATAN"
"Gujarat","PORBANDAR"
"Gujarat","RAJKOT"
"Gujarat","SABARKANTHA"
"Gujarat","SURAT"
"Gujarat","SURENDRANAGAR"
"Gujarat","VADODARA"
"Gujarat","VALSAD"
"Gujarat","Ahmedabad"
"Gujarat","Amreli"
"Gujarat","Banskantha"
"Gujarat","Baruch"
"Gujarat","Bhavnagar"
"Gujarat","Dang"
"Gujarat","Gandhinagar"
"Gujarat","Jamnagar"
"Gujarat","Junagadh"
"Gujarat","Kheda"
"Gujarat","Kuchchh"
"Gujarat","Mehsana"
"Gujarat","Panchmahal"
"Gujarat","Rajkot"
"Gujarat","Sabarkantha"
"Gujarat","Surat"
"Gujarat","Surendranagar"
"Gujarat","Vadodara"
"Gujarat","Valsad"
"Gujarat","TOTAL"
"Gujarat","check"
"Haryana","AMBALA"
"Haryana","BHIWANI"
"Haryana","FARIDABAD"
"Haryana","GURGAON"
"Haryana","HISAR"
"Haryana","JIND"
"Haryana","KAITHAL"
"Haryana","KARNAL"
"Haryana","KURUKSHETRA"
"Haryana","MEHANDERGARH"
"Haryana","PANCHKULA"
"Haryana","PANIPAT"
"Haryana","RIWARI"
"Haryana","ROHTAK"
"Haryana","SIRSA"
"Haryana","SONIPAT"
"Haryana","YAMUNA NAGAR"
"Haryana","FATEHABAD"
"Haryana","HISSAR"
"Haryana","JHAJJAR"
"Haryana","MAHENDRAGARH"
"Haryana","REWARI"
"Haryana","SONEPAT"
"Haryana","YAMUNANAGAR"
"Haryana","MEWAT"
"Haryana","Ambala"
"Haryana","Bhiwani"
"Haryana","Faridabad"
"Haryana","Gurgaon"
"Haryana","Hissar"
"Haryana","Jind"
"Haryana","Karnal"
"Haryana","Kurukshetra"
"Haryana","M/Garh"
"Haryana","Rohtak"
"Haryana","Sirsa"
"Haryana","Soniput"
"Haryana","TOTAL"
"Haryana","check"
"Himachal Pradesh","Bilaspur"
"Himachal Pradesh","Chamba"
"Himachal Pradesh","Hamirpur"
"Himachal Pradesh","Kangra"
"Himachal Pradesh","Kinnaur"
"Himachal Pradesh","Kullu"
"Himachal Pradesh","Lahul & Spiti"
"Himachal Pradesh","Mandi"
"Himachal Pradesh","Shimla"
"Himachal Pradesh","Sirmaur"
"Himachal Pradesh","Solan"
"Himachal Pradesh","Una"
"Himachal Pradesh","Balaspur"
"Himachal Pradesh","Kulu"
"Himachal Pradesh","Lahul Spiti"
"Himachal Pradesh","TOTAL"
"Himachal Pradesh","check"
"Jammu and Kashmir","Anantnagh"
"Jammu and Kashmir","Baramulla"
"Jammu and Kashmir","Budgam"
"Jammu and Kashmir","Doda"
"Jammu and Kashmir","Jammu"
"Jammu and Kashmir","Kargil"
"Jammu and Kashmir","Kathua"
"Jammu and Kashmir","Kupwara"
"Jammu and Kashmir","Leh"
"Jammu and Kashmir","Poonch"
"Jammu and Kashmir","Pulwama"
"Jammu and Kashmir","Rajouri"
"Jammu and Kashmir","Srinagar"
"Jammu and Kashmir","Udhampur"
"Jammu and Kashmir","ANANTNAG"
"Jammu and Kashmir","BADGAM"
"Jammu and Kashmir","BARAMULLA"
"Jammu and Kashmir","JAMMU"
"Jammu and Kashmir","KATHUA"
"Jammu and Kashmir","RAJOURI"
"Jammu and Kashmir","SRINAGAR"
"Jammu and Kashmir","UDHAMPUR"
"Jammu and Kashmir","DODA"
"Jammu and Kashmir","KUPWARA"
"Jammu and Kashmir","PULWAMA"
"Jammu and Kashmir","Anantnag"
"Jammu and Kashmir","Pfilwama"
"Jammu and Kashmir","TOTAL"
"Jammu and Kashmir","check"
"Jammu and Kashmir","Anantmag"
"Karnataka","BANGALORE RURAL"
"Karnataka","BANGALORE URBAN"
"Karnataka","BELGAUM"
"Karnataka","BELLARY"
"Karnataka","BIDAR"
"Karnataka","BIJAPUR"
"Karnataka","CHIKKAMAGALORE"
"Karnataka","CHITRADURGA"
"Karnataka","DAKSHINA KANNADA"
"Karnataka","DHARWAR"
"Karnataka","GULBARGA"
"Karnataka","HASSAN"
"Karnataka","KODAGU"
"Karnataka","KOLAR"
"Karnataka","MANDYA"
"Karnataka","MYSORE"
"Karnataka","RAICHUR"
"Karnataka","SHIMOGA"
"Karnataka","TUMKUR"
"Karnataka","UTTARA KANNADA"
"Karnataka","Bagalkote"
"Karnataka","Bangalore"
"Karnataka","Bangalore Rural"
"Karnataka","Belgaum"
"Karnataka","Bellary"
"Karnataka","Bidar"
"Karnataka","Bijapur"
"Karnataka","Chamaraja Nagara"
"Karnataka","Chikmagalur"
"Karnataka","Chitradurga"
"Karnataka","Dakshina Kannada"
"Karnataka","Davanagere"
"Karnataka","Dharwar"
"Karnataka","Gadag"
"Karnataka","Gulbarga"
"Karnataka","Hassan"
"Karnataka","Haveri"
"Karnataka","Kodagu"
"Karnataka","Kolar"
"Karnataka","Koppal"
"Karnataka","Mandya"
"Karnataka","Mysore"
"Karnataka","Raichur"
"Karnataka","Shimoga"
"Karnataka","Tumkur"
"Karnataka","Udupi"
"Karnataka","Uttara Kannada"
"Karnataka","Bangalore (R)"
"Karnataka","Bangalore (U)"
"Karnataka","Chickmagalur"
"Karnataka","D. Kannada"
"Karnataka","Dharwad"
"Karnataka","U. Kannada"
"Karnataka","TOTAL"
"Karnataka","check"
"Kerala","ALAPUZHA"
"Kerala","ERANAKULAM"
"Kerala","IDUKKI"
"Kerala","KANNUR"
"Kerala","KASARAGODE"
"Kerala","KOLLAM"
"Kerala","KOTTAYAM"
"Kerala","KOZHIKODE"
"Kerala","MALAPPURAM"
"Kerala","PALAKKAD"
"Kerala","PATHANAMTHITTA"
"Kerala","THIRUVANANTHAPURAM"
"Kerala","THRISSUR"
"Kerala","WAYANAD"
"Kerala","ALAPPUZHA"
"Kerala","IDDUKKI"
"Madhya Pradesh","BALAGHAT"
"Madhya Pradesh","BASTAR"
"Madhya Pradesh","BETUL"
"Madhya Pradesh","BHIND"
"Madhya Pradesh","BHOPAL"
"Madhya Pradesh","BILASPUR"
"Madhya Pradesh","CHHATARPUR"
"Madhya Pradesh","CHHINDWARA"
"Madhya Pradesh","DAMOH"
"Madhya Pradesh","DATIA"
"Madhya Pradesh","DEWAS"
"Madhya Pradesh","DHAR"
"Madhya Pradesh","DURG"
"Madhya Pradesh","GUNA"
"Madhya Pradesh","GWALIOR"
"Madhya Pradesh","HOSHANGABAD"
"Madhya Pradesh","INDORE"
"Madhya Pradesh","JABALPUR"
"Madhya Pradesh","JHABUA"
"Madhya Pradesh","KHANDWA"
"Madhya Pradesh","KHARGONE"
"Madhya Pradesh","MANDLA"
"Madhya Pradesh","MANDSAUR"
"Madhya Pradesh","MORENA"
"Madhya Pradesh","NARSIMHAPUR"
"Madhya Pradesh","PANNA"
"Madhya Pradesh","RAIGARH"
"Madhya Pradesh","RAIPUR"
"Madhya Pradesh","RAISEN"
"Madhya Pradesh","RAJGARH"
"Madhya Pradesh","RAJNANDGAON"
"Madhya Pradesh","RATLAM"
"Madhya Pradesh","REWA"
"Madhya Pradesh","SAGAR"
"Madhya Pradesh","SATNA"
"Madhya Pradesh","SEHORE"
"Madhya Pradesh","SEONI"
"Madhya Pradesh","SHAHDOL"
"Madhya Pradesh","SHAJAPUR"
"Madhya Pradesh","SHIVPURI"
"Madhya Pradesh","SIDHI"
"Madhya Pradesh","SURGUJA"
"Madhya Pradesh","TIKAMGARH"
"Madhya Pradesh","UJJAIN"
"Madhya Pradesh","VIDISHA"
"Madhya Pradesh","BARWANI"
"Madhya Pradesh","DINDORI"
"Madhya Pradesh","HARDA"
"Madhya Pradesh","KATNI"
"Madhya Pradesh","NARSINGHPUR"
"Madhya Pradesh","NEEMUCH"
"Madhya Pradesh","SHEOPUR"
"Madhya Pradesh","UMARIA"
"Madhya Pradesh","ANUPPUR"
"Madhya Pradesh","Ashok Nagar"
"Madhya Pradesh","BURHANPUR"
"Madhya Pradesh","Baitul"
"Madhya Pradesh","Balaghat"
"Madhya Pradesh","Baster"
"Madhya Pradesh","Bhind"
"Madhya Pradesh","Bhopal"
"Madhya Pradesh","Bilaspur"
"Madhya Pradesh","Chatturpur"
"Madhya Pradesh","Chhindwara"
"Madhya Pradesh","Damoh"
"Madhya Pradesh","Datia"
"Madhya Pradesh","Devas"
"Madhya Pradesh","Dhar"
"Madhya Pradesh","Durg"
"Madhya Pradesh","Guna"
"Madhya Pradesh","Gwalior"
"Madhya Pradesh","Hoshangabad"
"Madhya Pradesh","Indore"
"Madhya Pradesh","Jabalpur"
"Madhya Pradesh","Jhabua"
"Madhya Pradesh","Mandla"
"Madhya Pradesh","Mandsaur"
"Madhya Pradesh","Morena"
"Madhya Pradesh","Narsinghpur"
"Madhya Pradesh","Khandba"
"Madhya Pradesh","Khargon"
"Madhya Pradesh","Panna"
"Madhya Pradesh","Raigarh"
"Madhya Pradesh","Raipur"
"Madhya Pradesh","Raisen"
"Madhya Pradesh","Rajgarh"
"Madhya Pradesh","Rajnadgaon"
"Madhya Pradesh","Ratlam"
"Madhya Pradesh","Reva"
"Madhya Pradesh","Sagar"
"Madhya Pradesh","Sarguja"
"Madhya Pradesh","Satna"
"Madhya Pradesh","Seedhi"
"Madhya Pradesh","Sehor"
"Madhya Pradesh","Shahdoh"
"Madhya Pradesh","Shajapur"
"Madhya Pradesh","Shivpuri"
"Madhya Pradesh","Sivni"
"Madhya Pradesh","Teekamgarh"
"Madhya Pradesh","Ujjain"
"Madhya Pradesh","Vedesha"
"Madhya Pradesh","TOTAL"
"Madhya Pradesh","check"
"Maharashtra",""
"Maharashtra","AHMEDNAGAR"
"Maharashtra","AKOLA"
"Maharashtra","AMRAVATI"
"Maharashtra","AURANGABAD"
"Maharashtra","BEED"
"Maharashtra","BHANDARA"
"Maharashtra","BULDANA"
"Maharashtra","CHANDRAPUR"
"Maharashtra","DHULE"
"Maharashtra","GADCHIROLI"
"Maharashtra","GONDIYA"
"Maharashtra","HINGOLI"
"Maharashtra","JALGAON"
"Maharashtra","JALNA"
"Maharashtra","KOLHAPUR"
"Maharashtra","LATUR"
"Maharashtra","NAGPUR"
"Maharashtra","NANDED"
"Maharashtra","NANDURBAR"
"Maharashtra","NASHIK"
"Maharashtra","OSMANABAD"
"Maharashtra","PARBHANI"
"Maharashtra","PUNE"
"Maharashtra","RAIGHAR"
"Maharashtra","RATNAGIRI"
"Maharashtra","SANGLI"
"Maharashtra","SATARA"
"Maharashtra","SINDHUDURGA"
"Maharashtra","SOLAPUR"
"Maharashtra","THANE"
"Maharashtra","WARDHA"
"Maharashtra","WASHIM"
"Maharashtra","YAVATMAL"
"Maharashtra","Ahmednagar"
"Maharashtra","Akola"
"Maharashtra","Amravati"
"Maharashtra","Aurangabad"
"Maharashtra","Bandhara"
"Maharashtra","Beed"
"Maharashtra","Buldhana"
"Maharashtra","Chandrapur"
"Maharashtra","Dhule"
"Maharashtra","Gadchiroli"
"Maharashtra","Jalgaon"
"Maharashtra","Jalna"
"Maharashtra","Kolhapur"
"Maharashtra","Latur"
"Maharashtra","Nagpur"
"Maharashtra","Nanded"
"Maharashtra","Nashik"
"Maharashtra","Osmanabad"
"Maharashtra","Parbhani"
"Maharashtra","Pune"
"Maharashtra","Raigad"
"Maharashtra","Ratnagiri"
"Maharashtra","Sangli"
"Maharashtra","Satara"
"Maharashtra","Sindhudurg"
"Maharashtra","Solapur"
"Maharashtra","Thane"
"Maharashtra","Wardha"
"Maharashtra","Yavatmal"
"Maharashtra","TOTAL"
"Maharashtra","check"
"Maharashtra","Bhandara"
"Maharashtra","Nasik"
"Manipur","BISHNUPUR"
"Manipur","CHANDEL"
"Manipur","CHURACHANDPUR"
"Manipur","IMPHAL"
"Manipur","SENAPATI"
"Manipur","TAMENGLONG"
"Manipur","THOUBAL"
"Manipur","UKHRUL"
"Manipur","IMPHAL WEST"
"Manipur","IMPHAL EAST"
"Manipur","Bishenpur"
"Manipur","Chendal"
"Manipur","Churachandpur"
"Manipur","Imphal"
"Manipur","Senapati"
"Manipur","Tamenlong"
"Manipur","Thoubal"
"Manipur","Ukhrul"
"Manipur","TOTAL"
"Manipur","check"
"Meghalaya","EAST GARO HILLS"
"Meghalaya","EAST KHASI HILLS"
"Meghalaya","JAINTIA HILLS"
"Meghalaya","RI BHOI DISTRICT"
"Meghalaya","SOUTH GARO HILLS"
"Meghalaya","WEST GARO HILLS"
"Meghalaya","WEST KHASI HILLS"
"Meghalaya","East Garo Hills"
"Meghalaya","East Khasi Hills"
"Meghalaya","Jaintia Hills"
"Meghalaya","West Garo Hills"
"Meghalaya","West Khasi Hills"
"Meghalaya","TOTAL"
"Meghalaya","check"
"Mizoram","AIZAWL"
"Mizoram","CHHIMTUIPUI"
"Mizoram","LUNGLEI"
"Nagaland","KOHIMA"
"Nagaland","MOKOKCHUNG"
"Nagaland","MON"
"Nagaland","PHEK"
"Nagaland","TUENSANG"
"Nagaland","WOKHA"
"Nagaland","ZUNHEBOTO"
"Nagaland","DIMAPUR"
"Nagaland","Kohima"
"Nagaland","Lunheleoto"
"Nagaland","Moko chung"
"Nagaland","Mon"
"Nagaland","Phek"
"Nagaland","Thensan"
"Nagaland","Wokha"
"Nagaland","TOTAL"
"Nagaland","check"
"Odisha","ANGUL"
"Odisha","BALASORE"
"Odisha","BARAGARH"
"Odisha","BHADRAK"
"Odisha","BOLANGIR"
"Odisha","BOUDH"
"Odisha","CUTTACK"
"Odisha","DEOGARH"
"Odisha","DHENKANAL"
"Odisha","GAJAPATI"
"Odisha","GANJAM"
"Odisha","JAGATSINGHPUR"
"Odisha","JAJPUR"
"Odisha","JHARSUGUDA"
"Odisha","KALAHANDI"
"Odisha","KENDRAPARA"
"Odisha","KEONJHAR"
"Odisha","KHURDA"
"Odisha","KORAPUT"
"Odisha","MALKANGIRI"
"Odisha","MAYURBHANJ"
"Odisha","NAYAGARH"
"Odisha","NOWRANGPUR"
"Odisha","NUAPADA"
"Odisha","PHULBANI"
"Odisha","PURI"
"Odisha","RAYAGADA"
"Odisha","SAMBALPUR"
"Odisha","SONEPUR"
"Odisha","SUNDARGARH"
"Odisha","BARGARH"
"Odisha","JAJAPUR"
"Odisha","KANDHAMAL"
"Odisha","MALKANAGIRI"
"Odisha","MAYURBHANJA"
"Odisha","NAWARANGAPUR"
"Odisha","Balasore"
"Odisha","Bolangir"
"Odisha","Cuttack"
"Odisha","Dhenkanal"
"Odisha","Ganjam"
"Odisha","Kalahandi"
"Odisha","Keonjihar"
"Odisha","Koraput"
"Odisha","Mayurbhanj"
"Odisha","Phulbani"
"Odisha","Puri"
"Odisha","Sambalpur"
"Odisha","Sundargarh"
"Odisha","TOTAL"
"Odisha","check"
"Odisha","Gaajam"
"Odisha","Mayyubhanj"
"Punjab","AMRITSAR"
"Punjab","BATHINDA"
"Punjab","FARIDKOT"
"Punjab","FATEHGARH SAHIB"
"Punjab","FEROZEPUR"
"Punjab","GURDASPUR"
"Punjab","HOSHIARPUR"
"Punjab","JALANDHAR"
"Punjab","KAPURTHALA"
"Punjab","LUDHIANA"
"Punjab","MANSA"
"Punjab","PATIALA"
"Punjab","ROPAR"
"Punjab","SANGRUR"
"Punjab","MOGA"
"Punjab","AMRITSER"
"Punjab","MUKATSAR"
"Punjab","NAWANSHAHAR"
"Punjab","BARNALA"
"Punjab","MOHALI"
"Punjab","TARN TARAN"
"Punjab","Amritsar"
"Punjab","Bathinda"
"Punjab","Fardkot"
"Punjab","Ferozipur"
"Punjab","Gurdaspur"
"Punjab","Hoshiarpur"
"Punjab","Jalandhar"
"Punjab","Kapurthala"
"Punjab","Ludhiana"
"Punjab","Patiala"
"Punjab","Ropar"
"Punjab","Sangrur"
"Punjab","TOTAL"
"Punjab","check"
"Rajashtan","AJMER"
"Rajashtan","ALWAR"
"Rajashtan","BANSWARA"
"Rajashtan","BARAN"
"Rajashtan","BARMER"
"Rajashtan","BHARATPUR"
"Rajashtan","BHILWARA"
"Rajashtan","BIKANER"
"Rajashtan","BUNDI"
"Rajashtan","CHITTORGARH"
"Rajashtan","CHURU"
"Rajashtan","DAUSA"
"Rajashtan","DHOLPUR"
"Rajashtan","DUNGARPUR"
"Rajashtan","GANGANAGAR"
"Rajashtan","HANUMANGARH"
"Rajashtan","JAIPUR"
"Rajashtan","JAISALMER"
"Rajashtan","JALORE"
"Rajashtan","JHALAWAR"
"Rajashtan","JHUNJHNU"
"Rajashtan","JODHPUR"
"Rajashtan","KOTA"
"Rajashtan","NAGAUR"
"Rajashtan","PALI"
"Rajashtan","RAJSAMAND"
"Rajashtan","SAWAI-MADHOPUR"
"Rajashtan","SIKAR"
"Rajashtan","SIROHI"
"Rajashtan","TONK"
"Rajashtan","UDAIPUR"
"Rajashtan","JHUNJHUNU"
"Rajashtan","KAROLI"
"Rajashtan","SAWAI MADHOPUR"
"Sikkim","EAST SIKKIM"
"Sikkim","NORTH SIKKIM"
"Sikkim","SOUTH SIKKIM"
"Sikkim","WEST SIKKIM"
"Tamil Nadu","COIMBATORE"
"Tamil Nadu","CUDDALORE"
"Tamil Nadu","DHARMAPURI"
"Tamil Nadu","DINDIGUL"
"Tamil Nadu","ERODE"
"Tamil Nadu","KANCHIPURAM"
"Tamil Nadu","KANNIYAKUMARI"
"Tamil Nadu","KARUR"
"Tamil Nadu","MADRAS"
"Tamil Nadu","MADURAI"
"Tamil Nadu","NAGAPATTINAM"
"Tamil Nadu","NAMAKKAL"
"Tamil Nadu","PERAMBALUR"
"Tamil Nadu","PUDUKOTTAI"
"Tamil Nadu","RAMNATHAPURAM"
"Tamil Nadu","SALEM"
"Tamil Nadu","SIVAGANGA"
"Tamil Nadu","THANJAVUR"
"Tamil Nadu","THE NILGIRIS"
"Tamil Nadu","THENI"
"Tamil Nadu","THOOTHUGUDI"
"Tamil Nadu","TIRUNELVELI"
"Tamil Nadu","TIRUVALLUR"
"Tamil Nadu","TIRUVANNAMALAI"
"Tamil Nadu","TIRUVARUR"
"Tamil Nadu","TRICHIRAPPALLI"
"Tamil Nadu","VELLORE"
"Tamil Nadu","VILLUPURAM"
"Tamil Nadu","VIRUDHUNAGAR"
"Tamil Nadu","KANCHEEPURAM"
"Tamil Nadu","KANYAKUMARI"
"Tamil Nadu","NILGIRIS"
"Tamil Nadu","PUDUKKOTTAI"
"Tamil Nadu","RAMANATHAPURAM"
"Tamil Nadu","THIRUVALLUR"
"Tamil Nadu","THIRUVARUR"
"Tamil Nadu","TIRUCHIRAPPALLI"
"Tamil Nadu","TUTICORIN DISTRICT"
"Tamil Nadu","VILLUPPURAM"
"Tamil Nadu","KRISHNAGIRI"
"Tamil Nadu","Anna"
"Tamil Nadu","Chengleput"
"Tamil Nadu","Coimbatore"
"Tamil Nadu","Dharmapuri"
"Tamil Nadu","Kamrajar"
"Tamil Nadu","Kannyakumari"
"Tamil Nadu","Madurai"
"Tamil Nadu","Nilgiris"
"Tamil Nadu","North Arcot"
"Tamil Nadu","P. Muthuramalingam"
"Tamil Nadu","Periyar"
"Tamil Nadu","Pudukottai"
"Tamil Nadu","Ramanathapuram"
"Tamil Nadu","Salem"
"Tamil Nadu","South Arcot"
"Tamil Nadu","Thanjavur"
"Tamil Nadu","Tirinelveli"
"Tamil Nadu","Tiruchirapelli"
"Tamil Nadu","V.O. Chidambaranar"
"Tamil Nadu","TOTAL"
"Tamil Nadu","check"
"Tripura","DHALAI"
"Tripura","NORTH"
"Tripura","SOUTH"
"Tripura","WEST"
"Tripura","SOUTH TRIPURA"
"Tripura","WEST TRIPURA"
"Tripura","NORTH TRIPURA"
"Tripura","North Tripura"
"Tripura","South Tripura"
"Tripura","West Tripura"
"Tripura","TOTAL"
"Tripura","check"
"Uttar Pradesh","AGRA"
"Uttar Pradesh","ALIGARH"
"Uttar Pradesh","ALLAHABAD"
"Uttar Pradesh","ALMORA"
"Uttar Pradesh","AMBEDKAR NAGAR"
"Uttar Pradesh","AZAMGARH"
"Uttar Pradesh","BADAUN"
"Uttar Pradesh","BAHRAICH"
"Uttar Pradesh","BALLIA"
"Uttar Pradesh","BANDA"
"Uttar Pradesh","BARABANKI"
"Uttar Pradesh","BAREILLY"
"Uttar Pradesh","BASTI"
"Uttar Pradesh","BIJNOR"
"Uttar Pradesh","BULANDSHAHR"
"Uttar Pradesh","CHAMOLI(GOPESHWAR)"
"Uttar Pradesh","DEHRADUN"
"Uttar Pradesh","DEORIA"
"Uttar Pradesh","ETAH"
"Uttar Pradesh","ETAWAH"
"Uttar Pradesh","FAIZABAD"
"Uttar Pradesh","FARUKHABAD"
"Uttar Pradesh","FATEHPUR"
"Uttar Pradesh","FIROZABAD"
"Uttar Pradesh","GHAZIABAD"
"Uttar Pradesh","GHAZIPUR"
"Uttar Pradesh","GONDA"
"Uttar Pradesh","GORAKHPUR"
"Uttar Pradesh","HAMIRPUR"
"Uttar Pradesh","HARDOI"
"Uttar Pradesh","HARDWAR"
"Uttar Pradesh","JALAUN"
"Uttar Pradesh","JAUNPUR"
"Uttar Pradesh","JHANSI"
"Uttar Pradesh","KANPUR DEHAT"
"Uttar Pradesh","KANPUR NAGAR"
"Uttar Pradesh","KHIRI"
"Uttar Pradesh","KUSHI NAGAR"
"Uttar Pradesh","LALITPUR"
"Uttar Pradesh","LUCKNOW"
"Uttar Pradesh","MAHOBA"
"Uttar Pradesh","MAHRAJGANJ"
"Uttar Pradesh","MAINPURI"
"Uttar Pradesh","MATHURA"
"Uttar Pradesh","MAU"
"Uttar Pradesh","MEERUT"
"Uttar Pradesh","MIRZAPUR"
"Uttar Pradesh","MORADABAD"
"Uttar Pradesh","MUZAFFER NAGAR"
"Uttar Pradesh","NAINITAL"
"Uttar Pradesh","PAURI GARHWAL"
"Uttar Pradesh","PILIBHIT"
"Uttar Pradesh","PITHORAGARH"
"Uttar Pradesh","PRATAPGARH"
"Uttar Pradesh","RAEBARELY"
"Uttar Pradesh","RAMPUR"
"Uttar Pradesh","SAHARANPUR"
"Uttar Pradesh","SANT RAVIDAS NAGAR"
"Uttar Pradesh","SHAHJAHANPUR"
"Uttar Pradesh","SIDDHARTH NAGAR"
"Uttar Pradesh","SITAPUR"
"Uttar Pradesh","SONBHADRA"
"Uttar Pradesh","SULTANPUR"
"Uttar Pradesh","TEHRI GARHWAL"
"Uttar Pradesh","UDHAMSINGH NAGAR"
"Uttar Pradesh","UNNAO"
"Uttar Pradesh","UTTARKASHI"
"Uttar Pradesh","VARANASI"
"Uttar Pradesh","AMBEDAKAR NAGAR"
"Uttar Pradesh","BAGHPAT"
"Uttar Pradesh","BAHARAICH"
"Uttar Pradesh","BALRAMPUR"
"Uttar Pradesh","CHANDAULI"
"Uttar Pradesh","CHITRAKOOT"
"Uttar Pradesh","FARRUKHABAD"
"Uttar Pradesh","KANNAUJ"
"Uttar Pradesh","KAUSHAMBI"
"Uttar Pradesh","KHERI"
"Uttar Pradesh","MAHARAJ GANJ"
"Uttar Pradesh","MUZZAFARNAGAR"
"Uttar Pradesh","RAEBARELI"
"Uttar Pradesh","SANT KABIR NAGAR"
"Uttar Pradesh","SANT RAVI DAS NAGAR"
"Uttar Pradesh","SHRAWASTI"
"Uttar Pradesh","AURAIYA"
"Uttar Pradesh","BUDAUN"
"Uttar Pradesh","BULAND SAHAR"
"Uttar Pradesh","GAUTAM BUDHA NAGAR"
"Uttar Pradesh","HATHRAS"
"Uttar Pradesh","JYOTIBA PHULENAGAR"
"Uttar Pradesh","KUSHINAGAR"
"Uttar Pradesh","MAHA MAYA NAGAR"
"Uttar Pradesh","Agra"
"Uttar Pradesh","Aligarh"
"Uttar Pradesh","Allahabad"
"Uttar Pradesh","Almora"
"Uttar Pradesh","Azamgarh"
"Uttar Pradesh","Bahraich"
"Uttar Pradesh","Ballia"
"Uttar Pradesh","Banda"
"Uttar Pradesh","Barabanki"
"Uttar Pradesh","Bareilly"
"Uttar Pradesh","Basti"
"Uttar Pradesh","Bijnor"
"Uttar Pradesh","Budaun"
"Uttar Pradesh","Bulandshaher"
"Uttar Pradesh","Chamoli"
"Uttar Pradesh","Dehradun"
"Uttar Pradesh","Deoria"
"Uttar Pradesh","Etah"
"Uttar Pradesh","Etawah"
"Uttar Pradesh","Faizabad"
"Uttar Pradesh","Farrukhabad"
"Uttar Pradesh","Fatehpur"
"Uttar Pradesh","Ghaziabad"
"Uttar Pradesh","Ghazipur"
"Uttar Pradesh","Gonda"
"Uttar Pradesh","Gorakhpur"
"Uttar Pradesh","Hamirpur"
"Uttar Pradesh","Hardoi"
"Uttar Pradesh","Jalaun"
"Uttar Pradesh","Jaunpur"
"Uttar Pradesh","Jhansi"
"Uttar Pradesh","Kanpur Dehat"
"Uttar Pradesh","Kanpur Nagar"
"Uttar Pradesh","Kheri"
"Uttar Pradesh","Lalitpur"
"Uttar Pradesh","Lucknow"
"Uttar Pradesh","Mainpuri"
"Uttar Pradesh","Mathura"
"Uttar Pradesh","Meerut"
"Uttar Pradesh","Mirzapur"
"Uttar Pradesh","Moradabad"
"Uttar Pradesh","Muzaffarnagar"
"Uttar Pradesh","Nainital"
"Uttar Pradesh","Pauri Garhwal"
"Uttar Pradesh","Pilibhit"
"Uttar Pradesh","Pithoragarh"
"Uttar Pradesh","Pratapgarh"
"Uttar Pradesh","Rai Bareli"
"Uttar Pradesh","Rampur"
"Uttar Pradesh","Saharanpur"
"Uttar Pradesh","Shajahanpur"
"Uttar Pradesh","Sitapur"
"Uttar Pradesh","Sultanpur"
"Uttar Pradesh","Tehri Garhwal"
"Uttar Pradesh","Unnao"
"Uttar Pradesh","Uttarkashi"
"Uttar Pradesh","Varanasi"
"Uttar Pradesh","TOTAL"
"Uttar Pradesh","check"
"West Bengal","BANKURA"
"West Bengal","BIRBHUM"
"West Bengal","BURDWAN"
"West Bengal","COOCHBEHAR"
"West Bengal","DAKSHIN DINAJPUR"
"West Bengal","DARJEELING"
"West Bengal","HOOGLY"
"West Bengal","HOWRAH"
"West Bengal","JALPAIGURI"
"West Bengal","MALDA"
"West Bengal","MIDNAPORE"
"West Bengal","MURSHIDABAD"
"West Bengal","NADIA"
"West Bengal","NORTH 24 PARGANAS"
"West Bengal","PURULIA"
"West Bengal","SOUTH 24 PARGANAS"
"West Bengal","UTTAR DINAJPUR"
"West Bengal","HOOGHLY"
"West Bengal","BARDDHAMAN"
"West Bengal","HAORA"
"West Bengal","KOCH BEHAR"
"West Bengal","PASHCHIM MIDNAPORE"
"West Bengal","PURBA MIDNAPORE"
"West Bengal","Bankura"
"West Bengal","Birbhum"
"West Bengal","Burdwan"
"West Bengal","Cooch Behar"
"West Bengal","Darjeeling"
"West Bengal","Hooghly"
"West Bengal","Howrah"
"West Bengal","Jalpaiguri"
"West Bengal","Malda"
"West Bengal","Midnapore"
"West Bengal","Murshidabad"
"West Bengal","Nadia"
"West Bengal","North 24 Parganas"
"West Bengal","Purulia"
"West Bengal","South 24 Parganas"
"West Bengal","West Dinajpur"
"West Bengal","TOTAL"
"West Bengal","check"
"Andaman and Nicobar Islands","ANDAMAN"
"Andaman and Nicobar Islands","NICOBARS"
"Andaman and Nicobar Islands","NICOBAR"
"Andaman and Nicobar Islands","N & M ANDA"
"Chandigarh",""
"Chandigarh","UT CHANDIGARH"
"Chandigarh","Chandigarh"
"Chandigarh","TOTAL"
"Chandigarh","check"
"Dadra and Nagar Haveli","DADRA & NAGAR HAVELI"
"Dadra and Nagar Haveli","Dadra Nagar Haveli"
"Dadra and Nagar Haveli","TOTAL"
"Dadra and Nagar Haveli","check"
"Daman and Diu",""
"Daman and Diu","Daman"
"Daman and Diu","Diu"
"Daman and Diu","TOTAL"
"Daman and Diu","check"
"Delhi","CENTRAL-DELHI"
"Delhi","EAST"
"Delhi","NORTH-EAST"
"Delhi","NORTH-WEST"
"Delhi","SOUTH-EAST"
"Delhi","SOUTH-WEST"
"Delhi","WEST"
"Delhi","ALIPUR"
"Delhi","NANGLOI"
"Delhi","NAJAFGARH"
"Delhi","SHADARA-NORTHEAST"
"Delhi","SHAHDARA-EAST"
"Delhi","MAHRAULI"
"Delhi","Delhi"
"Delhi","TOTAL"
"Delhi","check"
"Lakshadweep",""
"Pondicherry","KARAIKAL"
"Pondicherry","MAHE"
"Pondicherry","PONDICHERRY"
"Pondicherry","YANAM"
"Pondicherry","PUDUCHERRY"
"Pondicherry","Pondicherry"
"Pondicherry","TOTAL"
"Pondicherry","check"
"Chhattisgarh","BASTER"
"Chhattisgarh","BILASPUR"
"Chhattisgarh","DANTEWADA"
"Chhattisgarh","DHAMTARI"
"Chhattisgarh","DURG"
"Chhattisgarh","JANJGIR-CHAMPA"
"Chhattisgarh","JASHPUR"
"Chhattisgarh","KANKER"
"Chhattisgarh","KORBA"
"Chhattisgarh","KORIA"
"Chhattisgarh","KVARDHA"
"Chhattisgarh","MAHASAMUND"
"Chhattisgarh","RAIGARH"
"Chhattisgarh","RAIPUR"
"Chhattisgarh","RAJNANDGAON"
"Chhattisgarh","SURGUJA"
"Chhattisgarh","BIJAPUR"
"Chhattisgarh","KAWARDHA"
"Chhattisgarh","NARAYANPUR"
"Jharkhand","BOKARO"
"Jharkhand","CHATRA"
"Jharkhand","DEOGHAR"
"Jharkhand","DHANBAD"
"Jharkhand","DUMKA"
"Jharkhand","EAST SINGHBHUM"
"Jharkhand","GARHWA"
"Jharkhand","GIRIDIH"
"Jharkhand","GODDA"
"Jharkhand","GUMLA"
"Jharkhand","HAZARIBAGH"
"Jharkhand","JAMTARA"
"Jharkhand","KODERMA"
"Jharkhand","LATEHAR"
"Jharkhand","LOHARDAGA"
"Jharkhand","PAKUR"
"Jharkhand","PALAMU"
"Jharkhand","RANCHI"
"Jharkhand","SAHEBGANJ"
"Jharkhand","SARAIKELA"
"Jharkhand","SIMDEGA"
"Jharkhand","WEST SINGHBHUM"
"Jharkhand","KHUNTI"
"Jharkhand","RAMGARH"
"Uttarakhand","DEHRA DUN"
"Uttarakhand","HARIDWAR"
"Uttarakhand","NAINITAL"
"Uttarakhand","PAURI"
"Uttarakhand","UDHAM SINGH NAGAR"
"Uttarakhand","CHAMOLI"
"Uttarakhand","CHAMPAWAT"
